response_stime,correct
3.7756800651550293,1
4.027115106582642,1
3.3245129585266113,1
2.3449058532714844,1
1.9978249073028564,1
3.1378560066223145,1
5.987566947937012,1
1.996873140335083,1
2.6475720405578613,0
1.9327208995819092,1
1.4815971851348877,0
3.7043070793151855,0
4.831979990005493,1
3.4133381843566895,0
2.4484779834747314,1
2.958631753921509,1
5.43765926361084,1
6.942866086959839,1
3.3255419731140137,1
