response_stime,correct
3.3702850341796875,1
2.092466115951538,1
4.844949007034302,1
2.0276849269866943,1
1.3895800113677979,1
1.8359060287475586,1
2.0929641723632812,1
3.324105978012085,1
2.380789041519165,1
1.7243890762329102,1
2.9246411323547363,1
2.1892170906066895,0
1.8526771068572998,1
1.4686660766601562,1
2.061173915863037,0
1.5160119533538818,1
